epoch,steps,accuracy_cosine
1.0,1867,0.9587573409080505
2.0,3734,0.963577926158905
3.0,5601,0.9657204151153564
